qname,label
host4893.grafana.com,0
node4428.kubernetes.io,0
srv2036.prometheus.io,0
pc2857.vercel.app,0
srv1496.paypal.com,0
sqfegxcgkk.google.com,0
host8368.crates.io,0
www.example.imgur.com,0
ftp.facebook.srv1631.slideshare.net,0
user9472.akamai.net,0
img.local.netlify.app,0
store.apple.wixsite.com,0
portal.wordpress.com,0
help.facebook.medium.com,0
pc2128.apple.com,0
aehlrkfm.onedrive.com,0
api.rubygems.org,0
vm2941.zoom.us,0
imap.vimeo.com,0
support.slack.com,0
ns1.microsoft.com,0
portal.onedrive.com,0
lab.docker.com,0
smtp.crates.io,0
app.facebook.com,0
srv3779.wordpress.com,0
shop.npmjs.com,0
pc55.npmjs.com,0
portal.akamai.net,0
delta97.mozilla.org,0
blog.edu.in,0
static.google.com,0
node6468.akamai.net,0
smtp.jira.com,0
node6771.linkedin.com,0
store.microsoft.amazon.com,0
cdn.office.cdn.cloudflare.net,0
support.linkedin.drive.google.com,0
node8819.linkedin.com,0
smtp.apple.medium.com,0
beta.paypal.com,0
host1114.npmjs.com,0
user579.npmjs.org,0
smtp.npm.mozilla.org,0
ns1.medium.com,0
portal.cnn.com,0
blog.google.com,0
app.example.com,0
ns2.google.google.com,0
cdn.prometheus.io,0
node4467.youtube.com,0
shop-1.npmjs.com,0
auth.amazon.com,0
login.apple.edu.in,0
mail.npmjs.com,0
prime.cdn.cloudflare.net,0
dev.linkedin.com,0
store.mozilla.org,0
api.tumblr.com,0
app.herokuapp.com,0
ftp.stripe.com,0
user4655.apple.com,0
mail.microsoft.pc3397.docker.com,0
vm8586.example.com,0
sigma.onedrive.com,0
hostnode2683.bbc.co.uk,0
host6091.imgur.com,0
auth.youtube.com,0
help.example.onedrive.com,0
host5227.onedrive.com,0
srv2056.wikipedia.org,0
host9344.gitlab.com,0
host1580.vercel.app,0
api.dropbox.com,0
office64.cnn.com,0
img.wixsite.com,0
static.wikipedia.org,0
node7727.akamai.net,0
help.office.pc3505.cloudfront.net,0
blog.example.slideshare.net,0
mail.docker.com,0
delta31.wordpress.com,0
plxwovm.docker.com,0
blog.prometheus.io,0
office4.linkedin.com,0
smtp.npm.node6549.nytimes.com,0
payments.acmecorp.gitlab.com,0
blog.dropbox.com,0
host2806.wordpress.com,0
auth.github.kubernetes.io,0
static.example.pc4527.google.com,0
home.crates.io,0
ns2.gitlab.google.com,0
login.twitter.docker.com,0
czgiraa.npmjs.com,0
hostnode2185.drive.google.com,0
ns1.vercel.app,0
shop.google.com,0
auth.pypi.org,0
hostnode7212.kubernetes.io,0
srv8226.bit.ly,0
user7820.grafana.com,0
ns2.facebook.gov.in,0
dev.npmjs.com,0
dev.github.user5157.edu.in,0
portal.google.wikipedia.org,0
dev.acme.wixsite.com,0
yoeu.example.com,0
hostnode4422.npmjs.com,0
srv5284.sharepoint.com,0
payments.apple.youtube.com,0
ns1.prometheus.io,0
srv6426.nytimes.com,0
login.prometheus.io,0
ftp.gitlab.zoom.us,0
vm7397.crates.io,0
login.wixsite.com,0
vm3694.vercel.app,0
vm4842.jira.com,0
nkdefrb.slack.com,0
smtp.microsoft.teams.microsoft.com,0
srv1052.cdn.cloudflare.net,0
www.microsoft.drive.google.com,0
img.slideshare.net,0
srv9389.dropbox.com,0
auth.google.com,0
pc7180.nic.in,0
img.github.github.com,0
shop.pypi.org,0
app.npmjs.com,0
user4393.wordpress.com,0
login.apple.host2316.zoom.us,0
imap.apple.skype.com,0
alpha49.gov.in,0
host2838.npmjs.com,0
support.amazon.nytimes.com,0
metro.spotify.com,0
mail.skype.com,0
app.npm.srv3472.bit.ly,0
store-1.mozilla.org,0
static.medium.com,0
pc2779.docker.com,0
auth.example.nic.in,0
assets.stackoverflow.com,0
sigma.netlify.app,0
imap.medium.com,0
www.paypal.com,0
user6572.docker.com,0
dev.github.com,0
static.acmecorp.skype.com,0
host9612.github.com,0
lab98.npmjs.com,0
ns2.gitlab.com,0
srv2169.paypal.com,0
hostnode2889.sharepoint.com,0
app.npmjs.org,0
dev.imgur.com,0
auth.docker.com,0
glmjajww.vercel.app,0
vm7953.github.com,0
node9631.apple.com,0
pc3108.wixsite.com,0
mail.office.hostnode9088.wordpress.com,0
static.slideshare.net,0
dev.stackoverflow.com,0
api.medium.com,0
help.dropbox.com,0
ptsh.drive.google.com,0
www.example.slideshare.net,0
srv7269.amazon.com,0
app.nic.in,0
portal.spotify.com,0
ns2.local.wikipedia.org,0
payments.amazon.vm5852.rubygems.org,0
auth.example.vm5634.gitlab.com,0
ldticqgadmu.onedrive.com,0
ufhxinaedfm.wixsite.com,0
cdn.acme.user211.cdn.cloudflare.net,0
vm8232.drive.google.com,0
vm4469.edu.in,0
ns2.rubygems.org,0
dev.npm.nic.in,0
api.bbc.co.uk,0
ns2.microsoft.skype.com,0
test.stackoverflow.com,0
mail.facebook.hostnode2535.nic.in,0
ftp.acmecorp.host5214.grafana.com,0
hostnode5628.edu.in,0
vm4327.sharepoint.com,0
mail.akamai.net,0
home.slack.com,0
host5546.npmjs.org,0
hostnode7908.youtube.com,0
zjwrlwfkcdon.bbc.co.uk,0
test.kubernetes.io,0
img.pypi.org,0
metro.gov.in,0
office4.rubygems.org,0
user7173.grafana.com,0
prime.npmjs.com,0
hostnode4.cdn.cloudflare.net,0
base.linkedin.com,0
cdn.stackoverflow.onedrive.com,0
lab.zoom.us,0
blog.confluence.com,0
img.herokuapp.com,0
test.slack.com,0
imap.confluence.com,0
eeoqvlthkad.cloudfront.net,0
dev.teams.microsoft.com,0
store.acme.herokuapp.com,0
yuqlgmcng.nic.in,0
static-1.slideshare.net,0
login.gitlab.com,0
delta.npmjs.org,0
img.linkedin.com,0
portal.example.srv4557.nytimes.com,0
www.onedrive.com,0
support.home.host5993.netlify.app,0
img.example.amazon.com,0
static.linkedin.vimeo.com,0
blog.acmecorp.apple.com,0
support.amazon.com,0
host5256.wordpress.com,0
hostnode5318.paypal.com,0
west26.vercel.app,0
app.amazon.edu.in,0
hostnode3173.slack.com,0
blog.stackoverflow.node6866.vimeo.com,0
lhoywn.npmjs.com,0
portal.gitlab.node7041.facebook.com,0
payments.facebook.pc9542.slideshare.net,0
pc5561.npmjs.com,0
www.pypi.org,0
assets.cnn.com,0
assets.drive.google.com,0
cdn.home.user121.skype.com,0
imap-1.vimeo.com,0
static.imgur.com,0
support.crates.io,0
ftp.facebook.com,0
wdssyncvdw.docker.com,0
api.pypi.org,0
api.cdn.cloudflare.net,0
imap.crates.io,0
cdn.microsoft.user6556.npmjs.com,0
imap.cdnprovider.rubygems.org,0
mail.google.com,0
blog.github.com,0
cdn.npmjs.org,0
hostnode489.npmjs.org,0
user104.nic.in,0
user8415.slack.com,0
pc1887.amazon.com,0
hostnode1552.mozilla.org,0
delta.spotify.com,0
pc5657.edu.in,0
store.stripe.com,0
www.local.drive.google.com,0
cdn.edu.in,0
host5172.docker.com,0
store.zoom.us,0
shop.example.nytimes.com,0
beta.bit.ly,0
txxczc.spotify.com,0
assets.grafana.com,0
auth.example.wikipedia.org,0
city.bit.ly,0
dev.gitlab.com,0
mail.linkedin.slack.com,0
smtp.slack.com,0
ns2.akamai.net,0
south.tumblr.com,0
auth-1.youtube.com,0
blog.twitter.srv8960.cnn.com,0
cdn.acme.gitlab.com,0
payments.skype.com,0
srv7603.tumblr.com,0
srv8457.medium.com,0
north.edu.in,0
user1488.example.com,0
delta36.linkedin.com,0
app.linkedin.com,0
lab.slideshare.net,0
mail.cdnprovider.srv4209.zoom.us,0
pc8740.paypal.com,0
shop.cloudfront.net,0
ftp.cloudfront.net,0
login.slack.com,0
cdn.tumblr.com,0
node5793.zoom.us,0
ns2.netlify.app,0
user1233.paypal.com,0
portal.manu.facebook.com,0
shop.netlify.app,0
help-1.dropbox.com,0
app.stripe.com,0
node1377.youtube.com,0
www.akamai.net,0
sigma.microsoft.com,0
fkxwtkcacwjm.stackoverflow.com,0
hostnode7571.gov.in,0
home12.pypi.org,0
vm5612.mozilla.org,0
api.example.crates.io,0
assets.medium.com,0
payments.teams.microsoft.com,0
vm2603.apple.com,0
zukr.gov.in,0
vm3346.wixsite.com,0
srv9996.wikipedia.org,0
user4639.github.com,0
payments.google.srv9333.zoom.us,0
app.spotify.com,0
user1029.medium.com,0
login.amazon.microsoft.com,0
srv4322.wordpress.com,0
user9623.slideshare.net,0
shop.npm.pc2816.npmjs.com,0
shop.docker.com,0
srv8385.slack.com,0
hostnode6116.cdn.cloudflare.net,0
support.apple.gov.in,0
rbfu.npmjs.org,0
core.dropbox.com,0
auth.wordpress.com,0
assets.apple.com,0
hostnode2451.onedrive.com,0
user6982.stripe.com,0
api-1.cdn.cloudflare.net,0
ftp.skype.com,0
ftp.gitlab.nic.in,0
user2683.cnn.com,0
ftp.netlify.app,0
smtp.microsoft.com,0
user4293.drive.google.com,0
smtp-1.microsoft.com,0
omega.gitlab.com,0
auth.acme.hostnode2816.google.com,0
ftp.apple.pc9182.nytimes.com,0
blog.stackoverflow.jira.com,0
store.office.node769.nytimes.com,0
shop.cdnprovider.host7267.spotify.com,0
support.local.paypal.com,0
node5972.facebook.com,0
auth.prometheus.io,0
ns2.nytimes.com,0
otpjlechf.npmjs.com,0
login.apple.node3656.npmjs.org,0
vm2263.nytimes.com,0
hostnode8917.stripe.com,0
smtp.example.google.com,0
payments.medium.com,0
payments.github.apple.com,0
south.stackoverflow.com,0
xssum.paypal.com,0
gamma.dropbox.com,0
cdn.imgur.com,0
smtp.linkedin.sharepoint.com,0
pc6824.npmjs.com,0
srv9614.zoom.us,0
tnxegvh.sharepoint.com,0
prime.netlify.app,0
payments.linkedin.vm2326.wordpress.com,0
auth.herokuapp.com,0
login.akamai.net,0
cdn.skype.com,0
test.nytimes.com,0
host5237.stripe.com,0
assets.wixsite.com,0
home14.npmjs.com,0
img.grafana.com,0
cdn.acme.apple.com,0
app.vimeo.com,0
auth.gitlab.vm1640.bit.ly,0
payments.local.vm3276.bbc.co.uk,0
srv7981.jira.com,0
imap.example.pc710.npmjs.com,0
login-1.akamai.net,0
store.microsoft.vm9744.stackoverflow.com,0
imap.microsoft.node2925.jira.com,0
pc3029.npmjs.com,0
app.slack.com,0
login.stripe.com,0
prime.bit.ly,0
pc3510.netlify.app,0
store.netlify.app,0
omjwee.edu.in,0
portal.github.amazon.com,0
img.drive.google.com,0
mail.nic.in,0
api.github.com,0
portal.docker.com,0
user7870.amazon.com,0
pc1072.tumblr.com,0
blog.teams.microsoft.com,0
srv4587.docker.com,0
west.edu.in,0
ftp.teams.microsoft.com,0
assets.github.com,0
node8580.netlify.app,0
mail.medium.com,0
gkbjrcyj.medium.com,0
portal.stackoverflow.host7691.linkedin.com,0
assets.bbc.co.uk,0
bdonkwhmhnyi.herokuapp.com,0
imap.cnn.com,0
office.amazon.com,0
vm1226.google.com,0
node2034.netlify.app,0
smtp.grafana.com,0
node1909.bit.ly,0
gamma.mozilla.org,0
portal.office.paypal.com,0
auth.amazon.host9651.prometheus.io,0
support.gitlab.com,0
login.acme.vm1566.nytimes.com,0
pc7165.gitlab.com,0
payments.linkedin.microsoft.com,0
pc9275.zoom.us,0
omega.jira.com,0
store.acmecorp.host29.npmjs.com,0
payments.stackoverflow.dropbox.com,0
host4906.imgur.com,0
store.dropbox.com,0
srv2479.npmjs.com,0
smtp.prometheus.io,0
imap.nytimes.com,0
app.onedrive.com,0
hiedslybwrp.google.com,0
store.linkedin.host4351.google.com,0
dev.local.akamai.net,0
pc1394.bbc.co.uk,0
mail.cdn.cloudflare.net,0
user5827.npmjs.org,0
portal.amazon.com,0
hostnode204.prometheus.io,0
payments.rubygems.org,0
cdn.nytimes.com,0
ftp.linkedin.com,0
west.docker.com,0
core.youtube.com,0
user5177.example.com,0
riljrkzz.paypal.com,0
core.wikipedia.org,0
ns1.apple.confluence.com,0
help.bbc.co.uk,0
test.medium.com,0
cdn.linkedin.user8876.bit.ly,0
hostnode2163.mozilla.org,0
node2819.stripe.com,0
static.acme.dropbox.com,0
user3848.slack.com,0
blog.onedrive.com,0
store.cdnprovider.apple.com,0
imap.slideshare.net,0
auth.amazon.onedrive.com,0
omega.gov.in,0
login.amazon.confluence.com,0
omega.vercel.app,0
mail.nytimes.com,0
auth.gitlab.com,0
dev.apple.hostnode7445.github.com,0
pc1343.vercel.app,0
login.herokuapp.com,0
user6577.tumblr.com,0
user2452.imgur.com,0
smtp.sharepoint.com,0
ftp.apple.com,0
app.cnn.com,0
www.stackoverflow.com,0
north.crates.io,0
host2252.akamai.net,0
dev.youtube.com,0
shop.microsoft.medium.com,0
api.example.slack.com,0
delta.slideshare.net,0
host1768.google.com,0
imap.acmecorp.zoom.us,0
shop.gitlab.medium.com,0
smtp.facebook.wixsite.com,0
shop.home.pc7410.zoom.us,0
omega.drive.google.com,0
cdn.office.host7634.facebook.com,0
office.mozilla.org,0
imap-1.nytimes.com,0
app.netlify.app,0
imap.npm.srv116.pypi.org,0
app.paypal.com,0
help.microsoft.user7197.akamai.net,0
ns2.gov.in,0
ftp.slack.com,0
vrfsp.npmjs.org,0
hostnode1062.bit.ly,0
node10.docker.com,0
mail.google.host9454.bbc.co.uk,0
home44.slideshare.net,0
pc8719.bbc.co.uk,0
host3016.drive.google.com,0
ns1.github.com,0
img.zoom.us,0
img.google.com,0
mail.wordpress.com,0
static.kubernetes.io,0
hostnode1569.kubernetes.io,0
gamma.vercel.app,0
portal.manu.slideshare.net,0
shop.acme.npmjs.com,0
app.sharepoint.com,0
node7390.prometheus.io,0
portal-1.akamai.net,0
cdn.bit.ly,0
login.jira.com,0
imap.drive.google.com,0
ns2.gitlab.host4785.medium.com,0
mail.gitlab.user9353.rubygems.org,0
api-1.bbc.co.uk,0
cdn.npmjs.com,0
node6268.cnn.com,0
help.confluence.com,0
cdn.google.com,0
ns1.pypi.org,0
pc602.netlify.app,0
pc4904.edu.in,0
ns1.wordpress.com,0
user3836.mozilla.org,0
ftp.amazon.node2460.akamai.net,0
api.zoom.us,0
host4602.imgur.com,0
api.cnn.com,0
mail.tumblr.com,0
node7848.akamai.net,0
pc4139.skype.com,0
store-1.zoom.us,0
static.github.vm2843.facebook.com,0
ns1.spotify.com,0
blog.acme.teams.microsoft.com,0
img.manu.paypal.com,0
srv8265.prometheus.io,0
user84.github.com,0
vm8314.slideshare.net,0
login.npmjs.com,0
user878.skype.com,0
www.office.tumblr.com,0
imap-1.slideshare.net,0
dev.cdn.cloudflare.net,0
node651.cnn.com,0
pc7016.youtube.com,0
auth.cnn.com,0
east.wordpress.com,0
vm6135.linkedin.com,0
wdgyd.apple.com,0
store.home.user8003.linkedin.com,0
static.amazon.crates.io,0
portal.stackoverflow.com,0
support.google.node5076.dropbox.com,0
help.gov.in,0
ftp.wordpress.com,0
host5353.google.com,0
support.rubygems.org,0
vm1495.jira.com,0
login.office.wikipedia.org,0
pc7267.teams.microsoft.com,0
portal.grafana.com,0
img.manu.spotify.com,0
host984.crates.io,0
gamma.teams.microsoft.com,0
imap.nic.in,0
smtp-1.jira.com,0
payments.npmjs.org,0
help.office.crates.io,0
payments.wordpress.com,0
img.example.com,0
srv1600.cnn.com,0
pc2196.tumblr.com,0
srv6436.docker.com,0
blog.stackoverflow.facebook.com,0
vm845.microsoft.com,0
vm4787.cdn.cloudflare.net,0
portal.netlify.app,0
assets.gitlab.hostnode9745.npmjs.org,0
www.amazon.amazon.com,0
vm4298.herokuapp.com,0
host9522.jira.com,0
api.youtube.com,0
img-1.google.com,0
hostnode7196.google.com,0
twscfhsvj.cloudfront.net,0
login.microsoft.node7379.edu.in,0
app.example.medium.com,0
dev.vimeo.com,0
img.mozilla.org,0
shop-1.pypi.org,0
aylkq.nic.in,0
jhlnrkv.edu.in,0
node1856.slack.com,0
vm1823.nic.in,0
login.spotify.com,0
user4767.npmjs.com,0
payments.gitlab.crates.io,0
assets.bit.ly,0
lab.google.com,0
ns2.example.vm5059.kubernetes.io,0
blog.cdnprovider.spotify.com,0
dev.gitlab.node270.sharepoint.com,0
host4603.bit.ly,0
ns1.amazon.com,0
img.google.node1195.spotify.com,0
vm6847.pypi.org,0
ftp.cnn.com,0
host2665.medium.com,0
dev.npm.node3671.docker.com,0
srv1831.cnn.com,0
portal.dropbox.com,0
host8794.docker.com,0
payments.example.pc1607.bit.ly,0
payments.facebook.github.com,0
api.home.vm5550.cloudfront.net,0
lgeo.pypi.org,0
hostnode5201.microsoft.com,0
assets-1.github.com,0
smtp.amazon.com,0
ftp.example.bbc.co.uk,0
static.herokuapp.com,0
app.npm.stripe.com,0
mxtoqamdq.herokuapp.com,0
shop.cdnprovider.imgur.com,0
ns1.wikipedia.org,0
ns2.bit.ly,0
smtp.office.hostnode2383.bbc.co.uk,0
ns1.example.facebook.com,0
gamma33.grafana.com,0
payments.microsoft.pypi.org,0
blog-1.prometheus.io,0
static.acme.node1617.npmjs.com,0
portal.twitter.nytimes.com,0
vm3049.wixsite.com,0
payments.wixsite.com,0
api.amazon.com,0
user6061.bit.ly,0
pc4635.microsoft.com,0
shop.stackoverflow.com,0
core88.bit.ly,0
pc8940.cdn.cloudflare.net,0
static-1.imgur.com,0
east.onedrive.com,0
prime.nytimes.com,0
ns2.cloudfront.net,0
kelgdcq.example.com,0
ftp.wikipedia.org,0
help.acmecorp.pc6648.vercel.app,0
host9001.example.com,0
node1471.akamai.net,0
node6431.rubygems.org,0
blog.drive.google.com,0
smtp.github.facebook.com,0
user7916.bit.ly,0
assets.confluence.com,0
qwsmzbkmahn.rubygems.org,0
hostnode9222.spotify.com,0
cdn.drive.google.com,0
assets.pypi.org,0
help.gitlab.vercel.app,0
metro.youtube.com,0
support.linkedin.teams.microsoft.com,0
smtp.wixsite.com,0
static.stackoverflow.user1023.onedrive.com,0
bawzw.crates.io,0
shop.sharepoint.com,0
login.github.edu.in,0
ns1.dropbox.com,0
api.acmecorp.herokuapp.com,0
assets.example.host5178.wordpress.com,0
pc1767.cloudfront.net,0
user5219.spotify.com,0
host280.rubygems.org,0
support.cdn.cloudflare.net,0
srv4261.skype.com,0
support.amazon.rubygems.org,0
node2826.herokuapp.com,0
vm4826.rubygems.org,0
user4324.youtube.com,0
app.acme.linkedin.com,0
portal-1.amazon.com,0
mail-1.akamai.net,0
srv1664.skype.com,0
dev-1.youtube.com,0
www.office.node927.kubernetes.io,0
node8292.dropbox.com,0
help.youtube.com,0
irnin.onedrive.com,0
app.youtube.com,0
srv8993.teams.microsoft.com,0
aohcyfgs.cnn.com,0
theta.jira.com,0
support.teams.microsoft.com,0
app.facebook.pc503.example.com,0
user5652.sharepoint.com,0
store.facebook.kubernetes.io,0
smtp.example.com,0
api.cdnprovider.apple.com,0
store.office.skype.com,0
hostnode2032.sharepoint.com,0
smtp.herokuapp.com,0
img.spotify.com,0
app.google.user3702.skype.com,0
smtp.example.confluence.com,0
api.skype.com,0
store.wordpress.com,0
auth.tumblr.com,0
blog.facebook.vm7842.drive.google.com,0
mail.amazon.wordpress.com,0
blog-1.onedrive.com,0
api.github.pc1077.skype.com,0
ns1.github.user8202.drive.google.com,0
host8414.pypi.org,0
node1792.youtube.com,0
www.bbc.co.uk,0
www.manu.srv7191.bit.ly,0
user4717.dropbox.com,0
app.cdn.cloudflare.net,0
ns1.nytimes.com,0
api.office.bit.ly,0
east.youtube.com,0
img.office.grafana.com,0
node273.wordpress.com,0
auth.gitlab.wikipedia.org,0
hostnode4044.bit.ly,0
vm9664.stripe.com,0
node4319.wordpress.com,0
core.slideshare.net,0
support.amazon.tumblr.com,0
node5234.slideshare.net,0
shop.herokuapp.com,0
ns1.npmjs.org,0
host3911.apple.com,0
vm5550.npmjs.com,0
www.example.com,0
fxzpjkue.slack.com,0
vm1213.herokuapp.com,0
srv1154.slideshare.net,0
app.microsoft.com,0
pc1932.imgur.com,0
node5173.microsoft.com,0
ns2.teams.microsoft.com,0
virlrtky.drive.google.com,0
node7215.apple.com,0
imap.apple.kubernetes.io,0
help.wikipedia.org,0
user2480.edu.in,0
pc9061.stackoverflow.com,0
pc4789.linkedin.com,0
alpha.bbc.co.uk,0
img-1.drive.google.com,0
imap-1.nic.in,0
smtp.slideshare.net,0
shop-1.cloudfront.net,0
smtp.docker.com,0
host9265.rubygems.org,0
ns1.github.github.com,0
ns1.grafana.com,0
srv6534.prometheus.io,0
ns2.linkedin.com,0
static.netlify.app,0
smtp.gov.in,0
pc1695.docker.com,0
help.apple.youtube.com,0
srv8617.nic.in,0
assets.office.spotify.com,0
payments.google.node4408.confluence.com,0
api.example.pc3323.grafana.com,0
assets.google.nytimes.com,0
api.wikipedia.org,0
omega42.edu.in,0
hostnode3431.pypi.org,0
dev.example.node7970.paypal.com,0
dev.facebook.paypal.com,0
node6538.google.com,0
support.amazon.host8927.slideshare.net,0
wupotowowldh.crates.io,0
support.cdnprovider.apple.com,0
beta.cnn.com,0
hostnode3589.spotify.com,0
static.npmjs.com,0
metro.netlify.app,0
south.npmjs.com,0
qdwlkluesuhr.nic.in,0
smtp.twitter.kubernetes.io,0
ns2.drive.google.com,0
imap.acmecorp.microsoft.com,0
imap.tumblr.com,0
dev.example.facebook.com,0
cdn-1.npmjs.com,0
api.microsoft.host2139.pypi.org,0
core.skype.com,0
assets.stackoverflow.srv9912.slideshare.net,0
app-1.stripe.com,0
img.wikipedia.org,0
www.github.herokuapp.com,0
node8777.wikipedia.org,0
ftp-1.cloudfront.net,0
ns1.stackoverflow.example.com,0
srv9035.example.com,0
ftp.spotify.com,0
www.manu.npmjs.org,0
img.onedrive.com,0
ns2.jira.com,0
assets-1.bit.ly,0
www.wikipedia.org,0
metro41.edu.in,0
help-2.dropbox.com,0
user2325.confluence.com,0
node5626.npmjs.org,0
node8729.herokuapp.com,0
ftp.crates.io,0
api.vimeo.com,0
theta31.dropbox.com,0
user1997.gitlab.com,0
vm6449.mozilla.org,0
user6677.crates.io,0
hostnode8783.medium.com,0
alpha29.vimeo.com,0
imap.acmecorp.user2926.example.com,0
eofyoltpianx.slideshare.net,0
hpnlmm.imgur.com,0
static.gitlab.com,0
host2631.prometheus.io,0
node3120.amazon.com,0
payments.nic.in,0
assets.npm.npmjs.org,0
help.cdnprovider.wikipedia.org,0
smtp.wordpress.com,0
cdn-1.imgur.com,0
user934.microsoft.com,0
core.cloudfront.net,0
hostnode5685.example.com,0
img.vercel.app,0
pc6378.example.com,0
support.google.node6353.bbc.co.uk,0
srv591.github.com,0
host840.pypi.org,0
portal.example.vercel.app,0
pc6684.cnn.com,0
portal.npm.zoom.us,0
payments.cdnprovider.node6672.teams.microsoft.com,0
theta.vimeo.com,0
payments.npmjs.com,0
user6575.cnn.com,0
api.slack.com,0
ftp.google.amazon.com,0
smtp.netlify.app,0
mail-1.wordpress.com,0
smtp-1.crates.io,0
shop.onedrive.com,0
host3164.sharepoint.com,0
usbxjwhy.medium.com,0
login.onedrive.com,0
srv864.edu.in,0
east85.skype.com,0
vm6190.slack.com,0
hostnode2749.linkedin.com,0
assets.gitlab.node53.herokuapp.com,0
node5871.akamai.net,0
hostnode6656.bit.ly,0
imap.facebook.mozilla.org,0
auth.stackoverflow.pc7579.cnn.com,0
login-1.gitlab.com,0
node9293.kubernetes.io,0
help.acmecorp.host2257.youtube.com,0
static.microsoft.com,0
imap.linkedin.node1188.npmjs.org,0
support.nytimes.com,0
payments.google.slack.com,0
ftp.microsoft.vm5640.netlify.app,0
node6206.wordpress.com,0
assets.local.vimeo.com,0
support.home.node5473.npmjs.org,0
node6454.spotify.com,0
west.drive.google.com,0
static.twitter.host9373.jira.com,0
hostnode9494.slideshare.net,0
blog.imgur.com,0
smtp.apple.srv2212.medium.com,0
vm9683.onedrive.com,0
hostnode4536.bit.ly,0
hostnode5099.nic.in,0
imap.manu.google.com,0
host6755.wixsite.com,0
bvpworslmu.teams.microsoft.com,0
hostnode6483.edu.in,0
shop-2.pypi.org,0
jdstfbpzk.dropbox.com,0
portal.github.com,0
cdn-2.npmjs.com,0
ftp-2.cloudfront.net,0
home.nytimes.com,0
pc8385.vimeo.com,0
ftp.acmecorp.user6695.npmjs.com,0
smtp.gitlab.com,0
user476.medium.com,0
static.gov.in,0
api.teams.microsoft.com,0
img.facebook.com,0
office.example.com,0
node7034.bit.ly,0
yirbrnslwo.confluence.com,0
login.acmecorp.zoom.us,0
vm5969.cloudfront.net,0
static.jira.com,0
user2831.amazon.com,0
www.bit.ly,0
pc2362.cdn.cloudflare.net,0
city62.google.com,0
shop.acmecorp.srv9673.herokuapp.com,0
auth.npm.dropbox.com,0
node4593.bit.ly,0
auth.vercel.app,0
pc1063.gitlab.com,0
user9624.wixsite.com,0
api.nytimes.com,0
ns1.cdnprovider.slideshare.net,0
vm8943.paypal.com,0
node5787.nic.in,0
user8091.npmjs.org,0
portal.crates.io,0
app.apple.com,0
pc8903.tumblr.com,0
static-1.medium.com,0
store.rubygems.org,0
imap.amazon.google.com,0
hostnode8617.paypal.com,0
store.tumblr.com,0
user4578.facebook.com,0
core.medium.com,0
auth.slideshare.net,0
lab.jira.com,0
store.drive.google.com,0
host4580.herokuapp.com,0
delta.bit.ly,0
img.github.akamai.net,0
cdn.office.user5653.skype.com,0
login-1.npmjs.com,0
hostnode8115.dropbox.com,0
pc3313.netlify.app,0
static-1.netlify.app,0
anmgupufb.dropbox.com,0
static.sharepoint.com,0
store.linkedin.com,0
vm6701.imgur.com,0
imap.acme.mozilla.org,0
store.gitlab.akamai.net,0
ns1-1.spotify.com,0
host4527.stackoverflow.com,0
theta.wikipedia.org,0
payments-1.npmjs.org,0
hostnode8383.herokuapp.com,0
host4239.docker.com,0
ns1.drive.google.com,0
sigma79.kubernetes.io,0
help.stackoverflow.onedrive.com,0
imap.dropbox.com,0
assets.stackoverflow.edu.in,0
static.linkedin.com,0
www.rubygems.org,0
www.drive.google.com,0
user3624.skype.com,0
support-1.slack.com,0
ftp-1.skype.com,0
srv5048.jira.com,0
pc9160.tumblr.com,0
static.akamai.net,0
api.wixsite.com,0
host1161.imgur.com,0
mail.apple.com,0
srv9755.gov.in,0
smtp.kubernetes.io,0
omega.slideshare.net,0
imap.npm.host6396.sharepoint.com,0
beta13.cnn.com,0
imap.manu.drive.google.com,0
app.gov.in,0
app.acme.bit.ly,0
dsyfh.cdn.cloudflare.net,0
dev.amazon.user4563.npmjs.com,0
store.cnn.com,0
shop.bbc.co.uk,0
help.gitlab.vm1737.docker.com,0
ftp-1.slack.com,0
www.npm.akamai.net,0
payments.nytimes.com,0
imap.vercel.app,0
hostnode839.wixsite.com,0
blog.youtube.com,0
hostnode8794.vimeo.com,0
gamma.wixsite.com,0
api.cdnprovider.srv9794.teams.microsoft.com,0
store.bit.ly,0
auth.stackoverflow.drive.google.com,0
pc1476.herokuapp.com,0
img.microsoft.com,0
metrics.cluster.google.app,0
mail.services.prometheus.net,0
portal.monitoring.microsoft.net,0
mail.content.google.com,0
cdn.cluster.salesforce.co,0
mail.gateway.vercel.net,0
update.cluster.google.co,0
node.services.amazon.org,0
cloud.monitoring.adobe.com,0
mail.internal.reddit.net,0
cloud.monitoring.netflix.com,0
metrics.secure.reddit.net,0
update.gateway.salesforce.net,0
metrics.monitoring.microsoft.org,0
server.secure.vercel.net,0
dashboard.gateway.google.co,0
www.node.linkedin.co,0
api.cluster.vercel.app,0
server.services.linkedin.org,0
update.services.prometheus.app,0
cdn.services.google.app,0
update.content.salesforce.co,0
server.secure.prometheus.app,0
dashboard.cluster.microsoft.org,0
metrics.cluster.adobe.org,0
server.cluster.amazon.io,0
node.content.google.net,0
server.tracking.google.org,0
www.tracking.salesforce.co,0
metrics.gateway.salesforce.org,0
portal.internal.salesforce.com,0
api.gateway.microsoft.io,0
mail.internal.salesforce.com,0
cdn.monitoring.spotify.org,0
dashboard.cluster.grafana.io,0
metrics.secure.vercel.com,0
app.internal.google.co,0
www.monitoring.cloudflare.com,0
metrics.services.amazon.co,0
www.node.linkedin.org,0
mail.monitoring.cloudflare.org,0
metrics.internal.adobe.com,0
data.content.reddit.co,0
mail.content.cloudflare.com,0
www.content.spotify.app,0
mail.tracking.reddit.org,0
mail.content.amazon.app,0
update.node.microsoft.com,0
cdn.services.cloudflare.co,0
www.services.prometheus.org,0
www.internal.prometheus.co,0
cloud.cluster.netflix.net,0
server.gateway.amazon.org,0
data.secure.grafana.co,0
dashboard.content.linkedin.com,0
cdn.gateway.microsoft.app,0
server.gateway.netflix.com,0
metrics.content.linkedin.co,0
portal.secure.adobe.co,0
api.internal.vercel.app,0
portal.cluster.linkedin.io,0
metrics.secure.spotify.io,0
app.gateway.adobe.app,0
data.internal.salesforce.org,0
mail.services.google.org,0
api.tracking.reddit.co,0
cloud.content.google.co,0
mail.tracking.linkedin.org,0
app.gateway.vercel.net,0
dashboard.tracking.prometheus.co,0
api.internal.grafana.app,0
dashboard.gateway.google.org,0
data.gateway.linkedin.com,0
node.node.netflix.org,0
update.content.salesforce.io,0
www.content.netflix.org,0
data.content.linkedin.io,0
www.secure.grafana.co,0
node.cluster.adobe.com,0
portal.gateway.google.net,0
portal.tracking.reddit.net,0
app.gateway.google.net,0
update.content.grafana.co,0
dashboard.secure.netflix.com,0
portal.monitoring.spotify.co,0
cloud.cluster.google.net,0
portal.content.reddit.app,0
node.content.microsoft.org,0
api.tracking.adobe.io,0
app.monitoring.salesforce.org,0
node.services.prometheus.co,0
update.internal.prometheus.net,0
data.content.amazon.co,0
portal.tracking.microsoft.app,0
data.node.spotify.com,0
node.node.netflix.app,0
dashboard.node.vercel.io,0
portal.node.google.app,0
api.cluster.linkedin.com,0
portal.content.reddit.co,0
dashboard.internal.cloudflare.app,0
cdn.services.vercel.app,0
metrics.node.cloudflare.co,0
server.tracking.prometheus.org,0
portal.node.reddit.co,0
update.cluster.prometheus.net,0
cloud.tracking.netflix.com,0
mail.node.salesforce.net,0
api.internal.netflix.com,0
node.monitoring.reddit.net,0
metrics.internal.vercel.io,0
portal.monitoring.reddit.app,0
portal.tracking.microsoft.co,0
metrics.monitoring.prometheus.co,0
www.cluster.vercel.net,0
portal.tracking.reddit.com,0
app.node.salesforce.app,0
mail.internal.reddit.io,0
cloud.secure.grafana.org,0
cloud.content.linkedin.app,0
portal.node.amazon.org,0
update.monitoring.netflix.com,0
mail.services.reddit.io,0
dashboard.monitoring.linkedin.org,0
dashboard.monitoring.adobe.app,0
mail.secure.prometheus.app,0
update.tracking.linkedin.net,0
cdn.content.google.io,0
api.node.salesforce.io,0
www.monitoring.adobe.net,0
cdn.tracking.grafana.com,0
mail.cluster.reddit.io,0
server.node.google.org,0
api.services.salesforce.net,0
mail.services.amazon.co,0
data.internal.spotify.app,0
node.tracking.cloudflare.org,0
node.tracking.cloudflare.com,0
api.services.salesforce.org,0
api.cluster.adobe.com,0
dashboard.cluster.spotify.app,0
data.content.cloudflare.app,0
data.gateway.reddit.io,0
app.gateway.reddit.app,0
mail.internal.linkedin.co,0
portal.monitoring.linkedin.org,0
dashboard.node.linkedin.com,0
dashboard.monitoring.prometheus.net,0
app.cluster.vercel.org,0
server.monitoring.cloudflare.net,0
api.services.reddit.org,0
api.tracking.prometheus.co,0
server.monitoring.google.app,0
node.secure.reddit.net,0
data.services.google.org,0
mail.node.amazon.org,0
mail.secure.vercel.app,0
api.content.grafana.io,0
dashboard.secure.salesforce.co,0
portal.internal.prometheus.net,0
portal.tracking.adobe.net,0
node.services.salesforce.com,0
mail.secure.vercel.net,0
api.services.linkedin.co,0
update.cluster.amazon.org,0
mail.cluster.reddit.net,0
metrics.monitoring.spotify.co,0
data.services.spotify.co,0
dashboard.services.microsoft.org,0
data.internal.netflix.com,0
portal.gateway.amazon.io,0
mail.content.amazon.co,0
portal.gateway.netflix.io,0
server.cluster.grafana.net,0
cdn.node.google.io,0
www.content.reddit.co,0
cloud.secure.amazon.app,0
metrics.secure.adobe.io,0
cloud.secure.cloudflare.io,0
dashboard.gateway.reddit.com,0
dashboard.tracking.microsoft.io,0
metrics.node.adobe.com,0
metrics.tracking.prometheus.co,0
node.monitoring.linkedin.org,0
mail.internal.prometheus.net,0
cdn.cluster.adobe.org,0
node.cluster.microsoft.com,0
metrics.services.microsoft.app,0
cloud.services.spotify.com,0
server.internal.grafana.co,0
server.monitoring.vercel.net,0
mail.node.netflix.com,0
www.internal.reddit.net,0
mail.internal.linkedin.co,0
mail.node.google.app,0
mail.cluster.grafana.io,0
mail.internal.spotify.com,0
update.internal.linkedin.co,0
mail.node.microsoft.com,0
cloud.content.grafana.io,0
www.cluster.microsoft.net,0
data.content.spotify.io,0
dashboard.cluster.netflix.com,0
node.secure.cloudflare.io,0
cloud.monitoring.microsoft.io,0
www.monitoring.microsoft.app,0
app.internal.vercel.com,0
node.gateway.amazon.com,0
cloud.secure.reddit.app,0
cdn.node.spotify.io,0
portal.content.reddit.com,0
dashboard.monitoring.linkedin.org,0
dashboard.internal.netflix.io,0
mail.tracking.salesforce.org,0
portal.internal.google.co,0
cloud.gateway.linkedin.co,0
update.gateway.vercel.org,0
app.tracking.grafana.com,0
api.content.salesforce.app,0
portal.monitoring.google.io,0
metrics.secure.reddit.app,0
cdn.secure.reddit.co,0
node.monitoring.vercel.com,0
update.monitoring.amazon.app,0
dashboard.cluster.netflix.app,0
api.services.prometheus.app,0
server.services.spotify.io,0
mail.services.vercel.app,0
dashboard.monitoring.vercel.io,0
app.services.cloudflare.co,0
data.secure.google.co,0
metrics.internal.salesforce.org,0
node.content.prometheus.org,0
api.services.grafana.co,0
data.node.grafana.com,0
server.gateway.linkedin.app,0
node.secure.salesforce.org,0
portal.internal.salesforce.com,0
www.tracking.reddit.app,0
cloud.secure.spotify.net,0
data.monitoring.grafana.co,0
data.monitoring.amazon.com,0
metrics.content.salesforce.io,0
mail.monitoring.netflix.app,0
update.tracking.salesforce.org,0
metrics.node.spotify.co,0
server.monitoring.spotify.app,0
metrics.gateway.prometheus.io,0
portal.monitoring.grafana.app,0
portal.cluster.grafana.net,0
mail.secure.grafana.io,0
update.secure.adobe.net,0
dashboard.tracking.amazon.org,0
api.services.amazon.co,0
mail.monitoring.google.net,0
www.content.grafana.net,0
cdn.tracking.google.app,0
cloud.content.salesforce.org,0
cloud.services.linkedin.org,0
dashboard.gateway.reddit.org,0
metrics.cluster.google.io,0
portal.monitoring.salesforce.net,0
data.tracking.google.io,0
metrics.services.salesforce.org,0
api.secure.prometheus.com,0
data.services.netflix.io,0
portal.gateway.adobe.io,0
api.content.amazon.com,0
portal.tracking.salesforce.net,0
mail.cluster.linkedin.org,0
mail.services.microsoft.org,0
update.node.linkedin.org,0
metrics.internal.reddit.co,0
update.node.netflix.com,0
www.cluster.netflix.net,0
api.tracking.salesforce.org,0
portal.node.reddit.co,0
dashboard.gateway.reddit.app,0
app.secure.grafana.com,0
cloud.tracking.prometheus.app,0
dashboard.monitoring.adobe.app,0
portal.gateway.vercel.com,0
data.gateway.cloudflare.app,0
data.monitoring.reddit.net,0
api.node.microsoft.io,0
cdn.content.amazon.com,0
data.cluster.salesforce.net,0
api.content.linkedin.io,0
dashboard.cluster.grafana.net,0
mail.internal.vercel.io,0
mail.secure.salesforce.io,0
api.internal.spotify.net,0
mail.node.netflix.app,0
update.internal.adobe.org,0
www.internal.adobe.org,0
cloud.gateway.vercel.io,0
server.tracking.cloudflare.app,0
metrics.tracking.amazon.net,0
data.cluster.cloudflare.io,0
server.monitoring.linkedin.org,0
mail.tracking.salesforce.app,0
update.content.microsoft.app,0
update.secure.cloudflare.net,0
metrics.gateway.netflix.net,0
portal.monitoring.linkedin.co,0
www.internal.cloudflare.app,0
api.cluster.spotify.co,0
update.internal.salesforce.io,0
metrics.internal.reddit.io,0
portal.node.reddit.net,0
cloud.cluster.amazon.app,0
api.tracking.spotify.co,0
dashboard.services.cloudflare.org,0
api.cluster.amazon.org,0
metrics.internal.amazon.com,0
portal.tracking.vercel.org,0
metrics.cluster.vercel.app,0
data.tracking.adobe.io,0
cdn.secure.amazon.com,0
mail.content.vercel.com,0
node.tracking.amazon.org,0
dashboard.gateway.linkedin.io,0
portal.cluster.linkedin.io,0
dashboard.internal.prometheus.app,0
data.content.reddit.net,0
www.gateway.microsoft.app,0
update.node.salesforce.app,0
app.cluster.google.app,0
api.cluster.spotify.app,0
www.tracking.prometheus.net,0
app.gateway.adobe.net,0
portal.content.linkedin.com,0
portal.secure.salesforce.org,0
mail.monitoring.netflix.app,0
server.secure.prometheus.com,0
mail.monitoring.microsoft.net,0
cloud.cluster.salesforce.io,0
update.services.google.net,0
app.gateway.vercel.org,0
cdn.node.spotify.com,0
dashboard.services.adobe.app,0
cloud.secure.adobe.org,0
data.secure.grafana.app,0
cdn.content.linkedin.co,0
www.services.cloudflare.net,0
portal.gateway.amazon.org,0
www.tracking.vercel.net,0
metrics.node.microsoft.co,0
app.services.linkedin.io,0
dashboard.gateway.amazon.org,0
app.node.linkedin.org,0
mail.internal.grafana.net,0
node.services.cloudflare.com,0
data.gateway.grafana.org,0
metrics.gateway.reddit.com,0
metrics.secure.vercel.org,0
dashboard.content.prometheus.com,0
node.gateway.amazon.co,0
dashboard.secure.netflix.net,0
api.cluster.vercel.net,0
cdn.node.vercel.com,0
node.gateway.spotify.net,0
server.tracking.prometheus.net,0
mail.monitoring.google.co,0
cloud.secure.prometheus.io,0
data.gateway.cloudflare.app,0
api.tracking.adobe.org,0
update.content.netflix.co,0
node.services.adobe.co,0
data.content.salesforce.org,0
portal.gateway.prometheus.app,0
www.content.reddit.net,0
metrics.secure.reddit.co,0
cloud.internal.vercel.io,0
dashboard.cluster.amazon.co,0
app.tracking.google.org,0
portal.secure.google.com,0
app.secure.salesforce.com,0
api.cluster.adobe.io,0
data.secure.netflix.net,0
www.monitoring.google.net,0
dashboard.cluster.reddit.org,0
data.content.microsoft.com,0
cdn.services.google.co,0
api.services.adobe.io,0
server.content.cloudflare.org,0
node.cluster.adobe.com,0
www.content.grafana.com,0
www.monitoring.prometheus.app,0
data.secure.grafana.net,0
node.internal.salesforce.io,0
cloud.secure.adobe.app,0
cdn.secure.amazon.com,0
update.node.linkedin.com,0
data.tracking.vercel.net,0
www.cluster.adobe.net,0
portal.services.adobe.co,0
cdn.secure.grafana.org,0
app.services.salesforce.org,0
portal.cluster.grafana.net,0
dashboard.services.spotify.net,0
portal.cluster.prometheus.app,0
dashboard.node.prometheus.org,0
metrics.secure.adobe.app,0
portal.internal.salesforce.io,0
data.monitoring.spotify.co,0
update.internal.reddit.com,0
www.tracking.google.co,0
data.internal.prometheus.com,0
portal.secure.cloudflare.co,0
server.content.microsoft.io,0
dashboard.content.linkedin.io,0
metrics.services.reddit.com,0
mail.cluster.google.app,0
server.node.linkedin.io,0
cdn.secure.linkedin.net,0
mail.gateway.amazon.org,0
www.tracking.amazon.io,0
dashboard.tracking.prometheus.io,0
metrics.services.netflix.io,0
api.secure.prometheus.net,0
server.internal.netflix.com,0
api.content.vercel.co,0
dashboard.internal.adobe.app,0
node.cluster.spotify.net,0
app.internal.reddit.io,0
dashboard.secure.microsoft.io,0
metrics.tracking.adobe.com,0
dashboard.tracking.netflix.io,0
app.services.salesforce.app,0
cdn.internal.linkedin.co,0
data.content.reddit.net,0
app.node.microsoft.app,0
server.content.google.co,0
data.internal.netflix.co,0
node.services.netflix.org,0
dashboard.gateway.microsoft.co,0
metrics.internal.cloudflare.co,0
metrics.secure.spotify.net,0
www.content.reddit.app,0
update.cluster.amazon.io,0
metrics.cluster.reddit.org,0
cdn.cluster.linkedin.org,0
data.internal.microsoft.co,0
api.gateway.adobe.app,0
update.content.netflix.net,0
update.gateway.cloudflare.org,0
data.gateway.google.com,0
cdn.secure.microsoft.co,0
portal.secure.spotify.org,0
dashboard.secure.microsoft.com,0
node.cluster.vercel.app,0
cdn.node.spotify.io,0
metrics.node.netflix.co,0
portal.node.amazon.org,0
metrics.gateway.adobe.net,0
node.tracking.cloudflare.org,0
cloud.internal.microsoft.io,0
server.monitoring.spotify.net,0
dashboard.services.grafana.com,0
server.internal.grafana.co,0
update.content.vercel.net,0
api.secure.salesforce.net,0
app.content.google.org,0
server.node.spotify.net,0
cdn.secure.reddit.io,0
data.services.spotify.net,0
api.secure.google.app,0
www.monitoring.google.net,0
cdn.secure.vercel.co,0
update.cluster.prometheus.net,0
portal.monitoring.adobe.com,0
api.cluster.cloudflare.co,0
cdn.internal.amazon.co,0
data.internal.microsoft.app,0
metrics.gateway.prometheus.io,0
server.services.prometheus.co,0
mail.tracking.reddit.io,0
app.content.amazon.org,0
node.services.amazon.app,0
node.gateway.amazon.org,0
cdn.services.vercel.net,0
node.gateway.salesforce.org,0
node.gateway.netflix.com,0
www.tracking.amazon.com,0
app.gateway.microsoft.com,0
cloud.cluster.reddit.io,0
www.content.salesforce.net,0
cdn.monitoring.adobe.app,0
api.cluster.salesforce.com,0
mail.tracking.linkedin.co,0
portal.tracking.vercel.com,0
api.gateway.cloudflare.io,0
metrics.node.cloudflare.org,0
data.content.vercel.com,0
cdn.cluster.grafana.org,0
portal.internal.grafana.org,0
data.tracking.linkedin.com,0
data.cluster.salesforce.com,0
metrics.services.salesforce.app,0
